{"cameraMode":{"drawMode":0,"name":"Shaded","section":"Shading Mode"},"sceneLighting":true,"audioPlay":false,"sceneViewState":{"m_AlwaysRefresh":false,"showFog":true,"showSkybox":true,"showFlares":true,"showImageEffects":true,"showParticleSystems":true,"showVisualEffectGraphs":true,"m_FxEnabled":true},"in2DMode":false,"pivot":{"x":0.5533382892608643,"y":-2.5795938968658449,"z":2.0603232383728029},"rotation":{"x":0.33982712030410769,"y":-0.025469565764069558,"z":0.009626365266740322,"w":0.9402955174446106},"size":12.8969144821167,"orthographic":false}