{"cameraMode":{"drawMode":0,"name":"Shaded","section":"Shading Mode"},"sceneLighting":false,"audioPlay":false,"sceneViewState":{"m_AlwaysRefresh":false,"showFog":true,"showSkybox":true,"showFlares":true,"showImageEffects":true,"showParticleSystems":true,"showVisualEffectGraphs":true,"m_FxEnabled":true},"in2DMode":false,"pivot":{"x":-1.5701491832733155,"y":2.9520626068115236,"z":-1.8895530700683594},"rotation":{"x":-0.1398385763168335,"y":-0.18635806441307069,"z":0.026572197675704957,"w":-0.9722303748130798},"size":12.417116165161133,"orthographic":false}