{"cameraMode":{"drawMode":0,"name":"Shaded","section":"Shading Mode"},"sceneLighting":false,"audioPlay":false,"sceneViewState":{"m_AlwaysRefresh":false,"showFog":true,"showSkybox":true,"showFlares":true,"showImageEffects":true,"showParticleSystems":true,"showVisualEffectGraphs":true,"m_FxEnabled":true},"in2DMode":false,"pivot":{"x":0.2552073001861572,"y":2.3101956844329836,"z":7.62980842590332},"rotation":{"x":-0.15758013725280763,"y":-0.17712309956550599,"z":0.028509387746453286,"w":-0.9712047576904297},"size":13.908031463623047,"orthographic":false}